{"train_loss": [0.7139195203781128, 0.16715970438629685, 0.11822807895152918, 0.09905261534744755, 0.08710363655964488, 0.08031790209704542, 0.0756091874236058, 0.071751231402899, 0.06834134285498034, 0.06591068886460785, 0.06457399088252859, 0.06302965622947836, 0.06157331242551549, 0.06025443756261731, 0.05900418200746038, 0.058245629416702124, 0.05763338541544037, 0.05665878172806112, 0.05579650486820998, 0.05515096086310223, 0.05447273479600078, 0.053931585788250726, 0.05323875824608464, 0.052685048475634086, 0.05196267833279847, 0.05156724226854778, 0.05102463709540883, 0.05069101758174165, 0.05030582126844934, 0.04995065374469831, 0.049632775859587086, 0.04927448287079347, 0.04897005059048704, 0.04873844934220589, 0.04852218432459107, 0.0481969910838171, 0.047977575398727636, 0.04782975502453023, 0.04760675258446025, 0.047444610921934055, 0.04726056770863557, 0.0469797070497983, 0.046750075701829735], "train_acc": [0.4166666865348816, 0.9634551560363896, 0.9707986752126062, 0.9738623814762764, 0.975992234521464, 0.9768487733654146, 0.9774939906987662, 0.9780898042544475, 0.9786894407087642, 0.9791497036246448, 0.9792402593424542, 0.9795163142359715, 0.9798343113083801, 0.9800435844918637, 0.980266609182814, 0.9803525202540763, 0.9804346376447671, 0.9806541261591647, 0.9808152871559205, 0.9809624103470197, 0.981097601032559, 0.98120933801404, 0.9813563663333569, 0.9814737056272822, 0.9816715333167422, 0.9817491063609503, 0.9818997626777735, 0.9819528516053182, 0.9820696011410911, 0.9821763844918059, 0.9822353135544835, 0.9823531583616418, 0.9824289200442767, 0.9824815739129436, 0.9825294969736531, 0.9826048376752972, 0.9826158135756885, 0.9826382071507341, 0.982669655262049, 0.9826909445226829, 0.9827042254902166, 0.9827615704762045, 0.9828029584860046], "test_loss": [0.12694361805915833, 0.03630648839497858, 0.03579989244293432, 0.035087858192196536, 0.03606334071364843, 0.03591288147318682, 0.03630979514390831, 0.03624099872878126, 0.03618510761671098, 0.03652111037884901, 0.036333608254580825], "test_acc": [0.949999988079071, 0.9856035497497483, 0.9854409378300888, 0.9859785484553177, 0.9854565696553524, 0.9855762883713053, 0.9854155161988397, 0.9853165224300913, 0.9854643962026784, 0.985332599042831, 0.9854381933723915], "training_time": [8919.336051940918], "testing_time": [871.2157483100891]}